ean;variantcode;artikel;soort;adviesprijs;prijs 1 stuk;prijs p/s bij 2;korting bij 2 (%);prijs p/s bij 3;korting bij 3 (%);pakket normaal;pakket besparing;pakket inhoud;bron
8718546781544;AV200.1.2.NL;Alka® BasenCaps Calcium - 60 capsules;artikel;26,95;21,56;;;;;;;;https://www.alka.nl/producten/alka-basencaps-calcium
8718546781797;AV225.1.3.NL;Alka® BasenCaps Magnesium - 60 capsules;artikel;26,95;21,56;;;;;;;;https://www.alka.nl/producten/alka-basencaps-magnesium
8718546781049;AV150.1.3.NL;Alka® BasenCaps Original - 60 capsules;artikel;26,95;21,56;;;;;;;;https://www.alka.nl/producten/alka-basencaps-original
8718546782466;AV246.1.1.NL;Alka® Bitter - 50ml - Original - biologisch;artikel;14,95;11,96;;;;;;;;https://www.alka.nl/producten/alka-bitter
8718546782541;AV246.2.1.NL;Alka® Bitter - 50ml - 0% Alcohol - biologisch;artikel;14,95;11,96;;;;;;;;https://www.alka.nl/producten/alka-bitter
8718546782503;AV246.1.2.NL;Alka® Bitter - 100ml - Original - biologisch;artikel;24,95;19,96;;;;;;;;https://www.alka.nl/producten/alka-bitter
8718546782589;AV246.2.2.NL;Alka® Bitter - 100ml - 0% Alcohol - biologisch;artikel;24,95;19,96;;;;;;;;https://www.alka.nl/producten/alka-bitter
8718546780011;AV310.6.1.NL;Alka® Crème - 50ml;artikel;16,45;13,16;;;;;;;;https://www.alka.nl/producten/alka-creme
8718546780042;AV310.5.1.NL;Alka® Crème - 150ml;artikel;32,35;25,88;;;;;;;;https://www.alka.nl/producten/alka-creme
8718546781278;AV330.1.1.NL;Alka® Deo - Original - 30ml;artikel;9,95;7,96;;;;;;;;https://www.alka.nl/producten/alka-deo
8718546782329;AV330.14.1.NL;Alka® Deo - 0% Parfum - 30ml;artikel;9,95;7,96;;;;;;;;https://www.alka.nl/producten/alka-deo
8718546782237;AV330.15.1.NL;Alka® Deo - Flower Blossom - 30ml;artikel;9,95;7,96;;;;;;;;https://www.alka.nl/producten/alka-deo
8718546782268;AV330.16.1.NL;Alka® Deo - Fresh Cotton - 30ml;artikel;9,95;7,96;;;;;;;;https://www.alka.nl/producten/alka-deo
8718546782299;AV330.17.1.NL;Alka® Deo - Into the Woods - 30ml;artikel;9,95;7,96;;;;;;;;https://www.alka.nl/producten/alka-deo
8718546781285;AV330.2.1.NL;Alka® Deo - Original - 75ml;artikel;14,95;11,96;;;;;;;;https://www.alka.nl/producten/alka-deo
8718546781964;AV330.4.1.NL;Alka® Deo - 0% Parfum - 75ml;artikel;14,95;11,96;;;;;;;;https://www.alka.nl/producten/alka-deo
8718546781872;AV330.5.1.NL;Alka® Deo - Flower Blossom - 75ml;artikel;14,95;11,96;;;;;;;;https://www.alka.nl/producten/alka-deo
8718546781902;AV330.6.1.NL;Alka® Deo - Fresh Cotton - 75ml;artikel;14,95;11,96;;;;;;;;https://www.alka.nl/producten/alka-deo
8718546781933;AV330.7.1.NL;Alka® Deo - Into the Woods - 75ml;artikel;14,95;11,96;;;;;;;;https://www.alka.nl/producten/alka-deo
8718546782732;AV854.NL;Alka® Deo geurenpakket 5 stuks - 30ml;voordeelpakket;49,75;39,80;;;;;49,75;9,95;"1x Alka® Deo - Original - 30ml (€ 9.95); 1x Alka® Deo - 0% Parfum - 30ml (€ 9.95); 1x Alka® Deo - Flower Blossom - 30ml (€ 9.95); 1x Alka® Deo - Fresh Cotton - 30ml (€ 9.95); 1x Alka® Deo - Into the Woods - 30ml (€ 9.95)";https://www.alka.nl/producten/alka-deo-geurenpakket-5-stuks-30ml
8718546782749;AV855.NL;Alka® Deo geurenpakket 5 stuks - 75ml;voordeelpakket;74,75;59,80;;;;;74,75;14,95;"1x Alka® Deo - Original - 75ml (€ 14.95); 1x Alka® Deo - 0% Parfum - 75ml (€ 14.95); 1x Alka® Deo - Flower Blossom - 75ml (€ 14.95); 1x Alka® Deo - Fresh Cotton - 75ml (€ 14.95); 1x Alka® Deo - Into the Woods - 75ml (€ 14.95)";https://www.alka.nl/producten/alka-deo-geurenpakket-5-stuks-75ml
8718546784262;AV350.3.10.NL;Alka® Greens - Multi+ - 10 sticks - 80g;artikel;14,95;11,96;;;;;;;;https://www.alka.nl/producten/alka-greens
8718546784309;AV350.3.30.NL;Alka® Greens - Multi+ - 30 sticks - 240g;artikel;39,95;31,96;;;;;;;;https://www.alka.nl/producten/alka-greens
8718546782398;AV350.4.3.NL;Alka® Greens Caps - Multi+ - 60 capsules;artikel;29,95;23,96;;;;;;;;https://www.alka.nl/producten/alka-greens-caps
8718546782725;AV853.NL;Alka® Huidverzorgingspakket L;voordeelpakket;101,20;80,96;;;;;101,20;20,24;"1x Alka® Crème - 150ml (€ 32.35); 1x Alka® Mineralenzout - 1.200g (€ 26.95); 1x Alka® Shampoo - 200 ml (€ 16.95); 1x Alka® Scrub - 250g (€ 24.95)";https://www.alka.nl/producten/alka-huidverzorgingspakket-l
8718546782718;AV852.NL;Alka® Huidverzorgingspakket M;voordeelpakket;76,25;61,00;;;;;76,25;15,25;"1x Alka® Crème - 150ml (€ 32.35); 1x Alka® Mineralenzout - 1.200g (€ 26.95); 1x Alka® Shampoo - 200 ml (€ 16.95)";https://www.alka.nl/producten/alka-huidverzorgingspakket-m
8718546782701;AV851.NL;Alka® Huidverzorgingspakket S;voordeelpakket;48,80;39,04;;;;;48,80;9,76;"1x Alka® Crème - 150ml (€ 32.35); 1x Alka® Mineralenzout - 600g (€ 16.45)";https://www.alka.nl/producten/alka-huidverzorgingspakket-s
8718546782435;AV230.3.1.NL;Alka® Mineralen - 60 caps;artikel;24,95;19,96;;;;;;;;https://www.alka.nl/producten/alka-mineralen
8718546780165;AV300.1.0.NL;Alka® Mineralenzout - 600g;artikel;16,45;13,16;;;;;;;;https://www.alka.nl/producten/alka-mineralenzout
8718546782046;AV300.1.1.NL;Alka® Mineralenzout - 1.200g;artikel;26,95;21,56;;;;;;;;https://www.alka.nl/producten/alka-mineralenzout
8718546780196;AV300.1.3.NL;Alka® Mineralenzout - 2.400g;artikel;42,95;34,36;;;;;;;;https://www.alka.nl/producten/alka-mineralenzout
8718546782121;AV300.1.5.NL;Alka® Mineralenzout - reisverpakking - 5 x 50g;artikel;10,75;8,60;;;;;;;;https://www.alka.nl/producten/alka-mineralenzout
4046681001406;AV975.1.1.MULTI;pH-Teststrips - 100 strips;artikel;19,95;15,96;;;;;;;;https://www.alka.nl/producten/alka-ph-test-strips-100
8718546785283;PR85.80.6.Multi;Alka® Reisbeker;artikel;8,95;7,16;;;;;;;;https://www.alka.nl/producten/alka-reisbeker
8718546785009;AV320.2.1.NL;Alka® Scrub - 250g;artikel;24,95;19,96;;;;;;;;https://www.alka.nl/producten/alka-scrub
8718546782626;AV345.2.1.NL;Alka® Shampoo - 50 ml;artikel;6,95;5,56;;;;;;;;https://www.alka.nl/producten/alka-shampoo
8718546782138;AV345.1.1.NL;Alka® Shampoo - 200 ml;artikel;16,95;13,56;;;;;;;;https://www.alka.nl/producten/alka-shampoo
8718546785320;AV240.2.6.NL;Alka® Spermidine - 60 capsules;artikel;29,95;23,96;;;;;;;;https://www.alka.nl/producten/alka-spermidine
8718546782688;AV802.NL;Alka® Starterspakket capsules (1-2);voordeelpakket;41,90;33,52;;;;;41,90;8,38;"1x Alka® BasenCaps Original - 60 capsules (€ 26.95); 1x Alka® Thee - 48 filterzakjes (€ 14.95)";https://www.alka.nl/producten/alka-starterspakket-capsules-1-2
8718546782695;AV804.NL;Alka® Starterspakket capsules (1-2-3);voordeelpakket;71,85;57,48;;;;;71,85;14,37;"1x Alka® BasenCaps Original - 60 capsules (€ 26.95); 1x Alka® Thee - 48 filterzakjes (€ 14.95); 1x Alka® Greens Caps - Multi+ - 60 capsules (€ 29.95)";https://www.alka.nl/producten/alka-starterspakket-capsules-1-2-3
8718546782664;AV801.NL;Alka® Starterspakket druppels (1-2);voordeelpakket;44,90;35,92;;;;;44,90;8,98;"1x Alka® Zuur-Base Druppels - 55ml (€ 29.95); 1x Alka® Thee - 48 filterzakjes (€ 14.95)";https://www.alka.nl/producten/alka-starterspakket-druppels-1-2
8718546782671;AV803.NL;Alka® Starterspakket druppels (1-2-3);voordeelpakket;74,85;59,88;;;;;74,85;14,97;"1x Alka® Zuur-Base Druppels - 55ml (€ 29.95); 1x Alka® Thee - 48 filterzakjes (€ 14.95); 1x Alka® Greens Caps - Multi+ - 60 capsules (€ 29.95)";https://www.alka.nl/producten/alka-starterspakket-druppels-1-2-3
8718546783029;AV250.2.2.NL;Alka® Thee - 48 filterzakjes;artikel;14,95;11,96;;;;;;;;https://www.alka.nl/producten/alka-thee
8718546783050;AV250.2.4.NL;Alka® Thee - 96 filterzakjes;artikel;24,95;19,96;;;;;;;;https://www.alka.nl/producten/alka-thee
8718546780226;AV975.250.1.NL;Alka® Theeglas;artikel;5,95;4,76;;;;;;;;https://www.alka.nl/producten/alka-theeglas
8718546784194;AV975.1.9.NL;Alka® Zuur-Base Test;artikel;2,95;2,36;;;;;;;;https://www.alka.nl/producten/alka-verzuringstest
8718546780103;AV975.300.3.NL;Alka® Vliesmaskers;artikel;10,75;8,60;;;;;;;;https://www.alka.nl/producten/alka-vliesmaskers
8718546780547;AV100.1.1.NL;Alka® Zuur-Base Druppels - 55ml;artikel;29,95;23,96;;;;;;;;https://www.alka.nl/producten/alka-zuur-base-druppels
8718546788284;AV550.1.2.NL;Alka® Zuur-base 30 dagen kuur;artikel;66,85;53,48;;;;;;;;https://www.alka.nl/producten/alka-zuur-base-kuur-30-dagen
8718375179000;AV950.1.1.NL;Boek: Jonger door Ontzuren;artikel;14,95;11,96;;;;;;;;https://www.alka.nl/producten/boek-jonger-door-ontzuren
