ean;variantcode;titel;optie;soort;woorden;gebruik;ingredienten;afbeeldingen;adviesprijs;dagprijs;op_voorraad;bron_url
8718546781544;AV200.1.2.NL;Alka® BasenCaps Calcium;60 capsules;artikel;486;ja;ja;13;26,95;21,56;ja;https://www.alka.nl/producten/alka-basencaps-calcium
8718546781797;AV225.1.3.NL;Alka® BasenCaps Magnesium;60 capsules;artikel;523;ja;ja;13;26,95;21,56;ja;https://www.alka.nl/producten/alka-basencaps-magnesium
8718546781049;AV150.1.3.NL;Alka® BasenCaps Original;60 capsules;artikel;526;ja;ja;13;26,95;21,56;ja;https://www.alka.nl/producten/alka-basencaps-original
8718546782466;AV246.1.1.NL;Alka® Bitter;Original - 50ml;artikel;666;ja;ja;13;14,95;11,96;ja;https://www.alka.nl/producten/alka-bitter
8718546782541;AV246.2.1.NL;Alka® Bitter;0% alcohol - 50ml;artikel;666;ja;ja;13;14,95;11,96;ja;https://www.alka.nl/producten/alka-bitter
8718546782503;AV246.1.2.NL;Alka® Bitter;Original - 100ml;artikel;666;ja;ja;13;24,95;19,96;ja;https://www.alka.nl/producten/alka-bitter
8718546782589;AV246.2.2.NL;Alka® Bitter;0% alcohol - 100ml;artikel;666;ja;ja;13;24,95;19,96;ja;https://www.alka.nl/producten/alka-bitter
8718546780011;AV310.6.1.NL;Alka® Crème;50ml;artikel;1181;ja;ja;14;16,45;13,16;ja;https://www.alka.nl/producten/alka-creme
8718546780042;AV310.5.1.NL;Alka® Crème;150ml;artikel;1181;ja;ja;14;32,35;25,88;ja;https://www.alka.nl/producten/alka-creme
8718546781278;AV330.1.1.NL;Alka® Deo;Original - 30ml;artikel;1143;ja;ja;19;9,95;7,96;ja;https://www.alka.nl/producten/alka-deo
8718546782329;AV330.14.1.NL;Alka® Deo;0% Parfum - 30ml;artikel;1143;ja;ja;19;9,95;7,96;ja;https://www.alka.nl/producten/alka-deo
8718546782237;AV330.15.1.NL;Alka® Deo;Flower Blossom - 30ml;artikel;1143;ja;ja;19;9,95;7,96;ja;https://www.alka.nl/producten/alka-deo
8718546782268;AV330.16.1.NL;Alka® Deo;Fresh Cotton - 30ml;artikel;1143;ja;ja;19;9,95;7,96;ja;https://www.alka.nl/producten/alka-deo
8718546782299;AV330.17.1.NL;Alka® Deo;Into the Woods - 30ml;artikel;1143;ja;ja;19;9,95;7,96;ja;https://www.alka.nl/producten/alka-deo
8718546781285;AV330.2.1.NL;Alka® Deo;Original - 75ml;artikel;1143;ja;ja;19;14,95;11,96;ja;https://www.alka.nl/producten/alka-deo
8718546781964;AV330.4.1.NL;Alka® Deo;0% Parfum - 75ml;artikel;1143;ja;ja;19;14,95;11,96;ja;https://www.alka.nl/producten/alka-deo
8718546781872;AV330.5.1.NL;Alka® Deo;Flower Blossom - 75ml;artikel;1143;ja;ja;19;14,95;11,96;ja;https://www.alka.nl/producten/alka-deo
8718546781902;AV330.6.1.NL;Alka® Deo;Fresh Cotton - 75ml;artikel;1143;ja;ja;19;14,95;11,96;ja;https://www.alka.nl/producten/alka-deo
8718546781933;AV330.7.1.NL;Alka® Deo;Into the Woods - 75ml;artikel;1143;ja;ja;19;14,95;11,96;ja;https://www.alka.nl/producten/alka-deo
8718546782732;AV854.NL;Alka® Deo geurenpakket 5 stuks - 30ml;Voordeelpakket;voordeelpakket;631;ja;ja;4;49,75;39,80;ja;https://www.alka.nl/producten/alka-deo-geurenpakket-5-stuks-30ml
8718546782749;AV855.NL;Alka® Deo geurenpakket 5 stuks - 75ml;Voordeelpakket;voordeelpakket;645;ja;ja;4;74,75;59,80;ja;https://www.alka.nl/producten/alka-deo-geurenpakket-5-stuks-75ml
8718546784262;AV350.3.10.NL;Alka® Greens;10 zakjes - 80g;artikel;1271;ja;ja;17;14,95;11,96;ja;https://www.alka.nl/producten/alka-greens
8718546784309;AV350.3.30.NL;Alka® Greens;30 zakjes - 240g;artikel;1271;ja;ja;17;39,95;31,96;ja;https://www.alka.nl/producten/alka-greens
8718546782398;AV350.4.3.NL;Alka® Greens Caps;60 capsules;artikel;1095;ja;ja;12;29,95;23,96;ja;https://www.alka.nl/producten/alka-greens-caps
8718546782725;AV853.NL;Alka® Huidverzorgingspakket L;Voordeelpakket;voordeelpakket;522;ja;ja;10;101,20;80,96;ja;https://www.alka.nl/producten/alka-huidverzorgingspakket-l
8718546782718;AV852.NL;Alka® Huidverzorgingspakket M;Voordeelpakket;voordeelpakket;399;ja;ja;8;76,25;61,00;ja;https://www.alka.nl/producten/alka-huidverzorgingspakket-m
8718546782701;AV851.NL;Alka® Huidverzorgingspakket S;Voordeelpakket;voordeelpakket;305;ja;ja;6;48,80;39,04;ja;https://www.alka.nl/producten/alka-huidverzorgingspakket-s
8718546782435;AV230.3.1.NL;Alka® Mineralen;60 capsules;artikel;925;ja;ja;10;24,95;19,96;ja;https://www.alka.nl/producten/alka-mineralen
8718546780165;AV300.1.0.NL;Alka® Mineralenzout;600g;artikel;1351;ja;ja;11;16,45;13,16;ja;https://www.alka.nl/producten/alka-mineralenzout
8718546782046;AV300.1.1.NL;Alka® Mineralenzout;1.200g;artikel;1351;ja;ja;11;26,95;21,56;ja;https://www.alka.nl/producten/alka-mineralenzout
8718546780196;AV300.1.3.NL;Alka® Mineralenzout;2.400g;artikel;1351;ja;ja;11;42,95;34,36;ja;https://www.alka.nl/producten/alka-mineralenzout
8718546782121;AV300.1.5.NL;Alka® Mineralenzout;reisverpakking - 5 x 50g;artikel;1351;ja;ja;11;10,75;8,60;ja;https://www.alka.nl/producten/alka-mineralenzout
4046681001406;AV975.1.1.MULTI;Alka® pH Test strips: 100 stuks;pH-Teststrips - 100 strips;artikel;409;ja;ja;5;19,95;15,96;ja;https://www.alka.nl/producten/alka-ph-test-strips-100
8718546785283;PR85.80.6.Multi;Alka® Reisbeker;;artikel;93;ja;nee;4;8,95;7,16;ja;https://www.alka.nl/producten/alka-reisbeker
8718546785009;AV320.2.1.NL;Alka® Scrub;250g;artikel;454;ja;ja;8;24,95;19,96;ja;https://www.alka.nl/producten/alka-scrub
8718546782626;AV345.2.1.NL;Alka® Shampoo;50 ml;artikel;484;ja;ja;16;6,95;5,56;ja;https://www.alka.nl/producten/alka-shampoo
8718546782138;AV345.1.1.NL;Alka® Shampoo;200 ml;artikel;484;ja;ja;16;16,95;13,56;ja;https://www.alka.nl/producten/alka-shampoo
8718546785320;AV240.2.6.NL;Alka® Spermidine;60 capsules;artikel;397;ja;ja;8;29,95;23,96;ja;https://www.alka.nl/producten/alka-spermidine
8718546782688;AV802.NL;Alka® Starterspakket capsules (1-2);Voordeelpakket;voordeelpakket;436;ja;ja;6;41,90;33,52;ja;https://www.alka.nl/producten/alka-starterspakket-capsules-1-2
8718546782695;AV804.NL;Alka® Starterspakket capsules (1-2-3);Voordeelpakket;voordeelpakket;660;ja;ja;8;71,85;57,48;ja;https://www.alka.nl/producten/alka-starterspakket-capsules-1-2-3
8718546782664;AV801.NL;Alka® Starterspakket druppels (1-2);Voordeelpakket;voordeelpakket;453;ja;ja;6;44,90;35,92;ja;https://www.alka.nl/producten/alka-starterspakket-druppels-1-2
8718546782671;AV803.NL;Alka® Starterspakket druppels (1-2-3);Voordeelpakket;voordeelpakket;644;ja;ja;8;74,85;59,88;ja;https://www.alka.nl/producten/alka-starterspakket-druppels-1-2-3
8718546783029;AV250.2.2.NL;Alka® Thee;48 filterzakjes;artikel;781;ja;ja;15;14,95;11,96;ja;https://www.alka.nl/producten/alka-thee
8718546783050;AV250.2.4.NL;Alka® Thee;96 filterzakjes;artikel;781;ja;ja;15;24,95;19,96;ja;https://www.alka.nl/producten/alka-thee
8718546780226;AV975.250.1.NL;Alka® Theeglas;320 ml;artikel;187;ja;nee;4;5,95;4,76;ja;https://www.alka.nl/producten/alka-theeglas
8718546784194;AV975.1.9.NL;Alka® Zuur-Base Test;Alka® Zuur-Base Test;artikel;403;ja;nee;3;2,95;2,36;ja;https://www.alka.nl/producten/alka-verzuringstest
8718546780103;AV975.300.3.NL;Alka® Vliesmaskers;Alka® Vliesmaskers;artikel;254;ja;ja;5;10,75;8,60;ja;https://www.alka.nl/producten/alka-vliesmaskers
8718546780547;AV100.1.1.NL;Alka® Zuur-Base Druppels;55 ml;artikel;743;ja;ja;14;29,95;23,96;ja;https://www.alka.nl/producten/alka-zuur-base-druppels
8718546788284;AV550.1.2.NL;Alka® Zuur-Base Kuur;30 dagen kuur;artikel;1173;ja;ja;7;66,85;53,48;ja;https://www.alka.nl/producten/alka-zuur-base-kuur-30-dagen
8718375179000;AV950.1.1.NL;Boek: Jonger door Ontzuren;Boek: Jonger door Ontzuren;artikel;186;nee;nee;3;14,95;11,96;ja;https://www.alka.nl/producten/boek-jonger-door-ontzuren
